Timestamp;Que pensez vous du projet ? Serait-il int√©ressant?; En tant qu'utilisateur, qu'aimerez vous avoir comme fonctionnalit√©s ?;Un service de messagerie entre utilisateurs, vous en dites quoi ?;√áa vous int√©resse un voice chat bot pour discuter les probl√®mes ?;On envisage d'ajouter des threads (un peu comme Reddit) de conversation, sp√©cialement par technologie, qu'en pensez vous ?;Quels sont vaguement les probl√®mes que vous rencontrez souvent durant votre recherche au niveau de stackoverflow ?;Des remarques/idees qui pouvent nous servir?
2020/11/26 4:37:13 PM GMT+1;Beacoup;Utilisateur ;Bonne;Oui;Super;Rien, ce site est parfait;
2020/11/26 4:37:33 PM GMT+1;Beacoup;meme fonctionnalit√© que stacko;Bonne;Oui;Super;rien;bon courage
2020/11/26 4:41:29 PM GMT+1;Beacoup;je pense que vous avez mentionn√© tout ;Bonne;Oui;Super;suivi de la solution ;
2020/11/26 4:42:04 PM GMT+1;Beacoup;Discussions;;;;;
Streaming;;;;;;;
"Lasse9""";Bonne;Oui;Bonne idee;Pas de probl√®me;;;
;"
2020/11/26 4:44:30 PM GMT+1";Beacoup;uploading Projects;Non;Non;Bonne idee;manque de communication avec les d√©veloppeur 
2020/11/26 4:46:16 PM GMT+1;Beacoup;des Up et Down comme reddit pour √©valuer les propositions;Bonne;Oui;Super; ;
2020/11/26 4:46:35 PM GMT+1;Beacoup;.;Bonne;Non;Bonne idee;Run time errors;
2020/11/26 4:48:40 PM GMT+1;Beacoup;Des sujets IT d'actualit√©, des cours etc;Bonne;Oui;Super;Sinc√®rement pas beaucoup;Bonne chance √† vous
2020/11/26 4:49:12 PM GMT+1;Beacoup;just the casual stackflow functionalities;Bonne;Non;Super;none;leave chat bot l reddit and stackflow more centered around direct answers and questions and thank you
2020/11/26 4:53:02 PM GMT+1;un peu;upvote/downvote + best answer;Bonne;Oui;Bonne idee;.;Bon courage
2020/11/26 4:53:18 PM GMT+1;Beacoup;Vu que ca sera pour les ensiastes ..avoir l option de fair sa echerche par filiere et par matiere ;Bonne;Non;Bonne idee;None;Bonne chance 
2020/11/26 4:53:19 PM GMT+1;un peu;Editeur/compilateur int√©gr√© ;Bonne;Oui;Super;.;
2020/11/26 4:59:08 PM GMT+1;Beacoup;Une interface simple √° utiliser(comprendre);Non;Non;Bonne idee;Rien xd;Bonne chance üòä
2020/11/26 5:06:54 PM GMT+1;Beacoup;Toute les fonctionnalit√©s de stack overflow;Bonne;Non;Super;Je trouve pas la r√©ponse facilement, je dois a chaque fois reformuler la question pour avoir ma situation;
2020/11/26 5:09:51 PM GMT+1;Beacoup;Position des probl√®mes accompagn√©s de solutions possibles ;Bonne;Oui;Bonne idee;Pas de mal probl√®mes;
2020/11/26 5:18:19 PM GMT+1;Beacoup;le m√™mes fonctionnalit√©s que celle de stackoverflow ;Bonne;Oui;Bonne idee;la grande masse d'info;
2020/11/26 5:20:50 PM GMT+1;Beacoup;.;Bonne;Oui;Bonne idee;None;"Donnez au gens des choix multiples pour en choisir et ajoutez un dernier champs ""other"" libre si quelqu'un souhaite ajouter quelque chose sinon vous risqu√© de trouver des nonsense reponse comme ce que j'ai fait moi-m√™me."
"Good luck guys""";;;;;;;
2020/11/26 5:21:38 PM GMT+1;Beacoup;anything;Bonne;Oui;Bonne idee;generalement je passe bcp de temps a chercher une solution ADEQUATE pour mon probleme .;
2020/11/26 5:36:10 PM GMT+1;pas tres;C est la facilite de trouver les solutions on parle la d un resultat fiable en qlq secondes (ca demande de travail);Bonne;Oui;Super;Generalement je ne trouve pas des problemes pour trouver une solution surtout si la technologie est tres connue. ;Un site ca c est pas bon, il sera mieux qu il s agit d un forum ou bien une application, mon prb c est que ce genre de besions a ete deja traite, en plus persque chaque techno possede son propre espace pour l echange et la resolution des problemes et meme parfois le support. En tout cas n oublier pas ajouter un mecanisme pour √©valuer les reponses comme upvote ou downvote et pourquoi pas evaluer chque utilisateur dans certaines technologies selon ses reponses et supprimer automatiquement les reponses inutiles. BONNE CHANCE 
2020/11/26 5:47:38 PM GMT+1;Beacoup;+ blog  d'Ensias;Non;Oui;Super;none;
2020/11/26 6:29:02 PM GMT+1;Beacoup;Toutes les userstories de stack overflow;Bonne;Oui;Bonne idee;Je pense qu'il faut √©liminer les solutions qui ne fonctionnent plus.;D√©ployer l'application baliz
2020/11/26 6:35:28 PM GMT+1;Beacoup;Cours et exos. Vid√©os ;Bonne;Oui;Super;La Non concession. ;
2020/11/26 6:35:44 PM GMT+1;Beacoup;Poser des questions anonymes;Bonne;Non;Super;Je ne trouve pas des bonnes solutions;
2020/11/26 6:46:25 PM GMT+1;Beacoup;Notifications ;Non;Oui;Super;Pas tr√®s organis√©;Good luck
2020/11/26 6:59:25 PM GMT+1;Beacoup;Les memes qu'offre stackoverflow;Bonne;Oui;Super;Rien pour le moment;Bon courage
2020/11/26 7:10:11 PM GMT+1;pas tres;Publier , chat group , Lives .;Bonne;Oui;Bonne idee;Des solutions non compatible avec la nouvelle technologie .;A vrai dire , je pense q'une valeur ajout√© manque dans ce projet , je propose une implementation d'un moteur de recherche . 
2020/11/26 7:23:30 PM GMT+1;Beacoup;Possibilit√© de partager son √©cran ;Bonne;Oui;Super;Absence de blog de messagerie priv√©.;Recevoir des notifications si jamais une personne a r√©pondu. BEST OF LUCK GUYS!!
2020/11/26 7:55:02 PM GMT+1;Beacoup;Oui;Bonne;Oui;Bonne idee;Repition des reponses;
2020/11/26 11:07:30 PM GMT+1;Beacoup;exchange information;Bonne;Oui;Super;A ce moment pas de probl√®me ;Merci
2020/11/26 11:34:43 PM GMT+1;Beacoup;maybe shi blasa tkun fiha useful_resources about des domaines precis , f7al db shi 7ed aydkhl l plateform dialkom , surement aykun endo un problem right ? aydkhl  yposti problem dialo bash yjawboh nass , hna t9dro tzido shi blassa fin nas tahuma li ma3ndomsh problem ydkhlo y contribuyiw tahuma y7to shi course mzyan ola shi reference mzyana l shi sujet , comme ca hadak li kan endo problem , not only aysolvi problem dialo wlkn ghadi y9ed ystafed aussi .;Non;je prefere une version comme stackoverflow , sans chat , tu poses ta question , on te repond et salam . si on veut du chat , il ya d autre plateform pour ca;Bonne idee;la communaute est tres strict ;je pense que c'est que ce projet se concentre sur une seul chose , l'idee de stackoverflow version ensias est genial , si on la melanche avec du chat , ce n'est pas une bonne idee
2020/11/27 11:55:49 AM GMT+1;Beacoup;le max d'erreurs qu'on peut rencontrer dans diff√©rents languages;Bonne;Oui;Super;on trouve parfois des reponses aux problemes qui sont useless;ajouter un admin qui peut approuver chaque solution propos√© par un internaute
2020/11/27 12:02:39 PM GMT+1;un peu;-Poser des questions publiques par cat√©gories pour faciliter l'utilisation.;;;;;
-Avoir un espace o√π les gens partagent leurs exp√©riences et conseils concernant un sujet donn√© par exemple l'utilisation d'un logiciel ou les astuces d'un langage informatique.;;;;;;;
"-Faire des rappels aux gens int√©ress√©s par une cat√©gorie donn√©e quand une question reste sans r√©ponse pour une dur√©e longue.""";Bonne;Oui;Bonne idee;Il y'a des questions qui restent des ann√©es sans r√©ponse.;;;
